Image,Titre,Prix
../../media/cache/9b/09/9b0935dc936c92900c2dc5d2114da72f.jpg,Unicorn Tracks,Â£18.78
../../media/cache/4a/99/4a996ae54711cea37e370428b54f8b19.jpg,"Saga, Volume 6 (Saga (Collected Editions) #6)",Â£25.02
../../media/cache/db/01/db01b38d3200a5faff4ead42791416e4.jpg,Princess Between Worlds (Wide-Awake Princess #5),Â£13.34
../../media/cache/05/c4/05c43fe821ae19169c7baa8a54c7e869.jpg,Masks and Shadows,Â£56.40
../../media/cache/b7/7d/b77d5e56daa3c22822abf1b8affbaef9.jpg,Crown of Midnight (Throne of Glass #2),Â£43.29
../../media/cache/9f/25/9f25ffe4229a32d1368b3dfe248c3343.jpg,"Avatar: The Last Airbender: Smoke and Shadow, Part 3 (Smoke and Shadow #3)",Â£28.09
../../media/cache/0a/78/0a78f89fc2dc78b700b494c3510e8920.jpg,A Court of Thorns and Roses (A Court of Thorns and Roses #1),Â£52.37
../../media/cache/4e/8d/4e8d87d1cb5e876ddb50599a1d1b656e.jpg,Throne of Glass (Throne of Glass #1),Â£35.07
../../media/cache/2f/21/2f21c9ffd0962092ce337ecd1b338f5b.jpg,The Glittering Court (The Glittering Court #1),Â£44.28
../../media/cache/4c/fd/4cfd83a011f60d38b140642a441ce01a.jpg,Hollow City (Miss Peregrineâs Peculiar Children #2),Â£42.98
../../media/cache/ac/1a/ac1a0546d9cdf6cd82ab7712a6c418df.jpg,The Star-Touched Queen,Â£46.02
../../media/cache/7c/55/7c550a26f03e12343d0c6b4474b3eb1e.jpg,The Hidden Oracle (The Trials of Apollo #1),Â£52.26
../../media/cache/e9/fe/e9fed5b725a6badd26ef93175fdc248b.jpg,The Bane Chronicles (The Bane Chronicles #1-11),Â£44.73
../../media/cache/0f/65/0f6563cce3cc893cde20b088f6fd4107.jpg,Island of Dragons (Unwanteds #7),Â£29.65
../../media/cache/b7/d5/b7d558f31dc9803aeb6c76009fdea5bc.jpg,Demigods & Magicians: Percy and Annabeth Meet the Kanes (Percy Jackson & Kane Chronicles Crossover #1-3),Â£37.51
../../media/cache/10/66/106624e3f3bf865390255be16dfb71d8.jpg,City of Glass (The Mortal Instruments #3),Â£56.02
../../media/cache/9e/b4/9eb4396139c421fc9f832011c68adb2c.jpg,Searching for Meaning in Gailana,Â£38.73
../../media/cache/dc/57/dc57f908a0a2e130a5c065893a9005dd.jpg,The Star-Touched Queen,Â£32.30
../../media/cache/9d/9b/9d9bf1a3155fb3736d2fe12799dcca95.jpg,A Shard of Ice (The Black Symphony Saga #1),Â£56.63
../../media/cache/fc/17/fc17b4149d87d9ee714dde082ede0ee9.jpg,King's Folly (The Kinsman Chronicles #1),Â£39.61
../../media/cache/9b/09/9b0935dc936c92900c2dc5d2114da72f.jpg,Unicorn Tracks,Â£18.78
../../media/cache/4a/99/4a996ae54711cea37e370428b54f8b19.jpg,"Saga, Volume 6 (Saga (Collected Editions) #6)",Â£25.02
../../media/cache/db/01/db01b38d3200a5faff4ead42791416e4.jpg,Princess Between Worlds (Wide-Awake Princess #5),Â£13.34
../../media/cache/05/c4/05c43fe821ae19169c7baa8a54c7e869.jpg,Masks and Shadows,Â£56.40
../../media/cache/b7/7d/b77d5e56daa3c22822abf1b8affbaef9.jpg,Crown of Midnight (Throne of Glass #2),Â£43.29
../../media/cache/9f/25/9f25ffe4229a32d1368b3dfe248c3343.jpg,"Avatar: The Last Airbender: Smoke and Shadow, Part 3 (Smoke and Shadow #3)",Â£28.09
../../media/cache/0a/78/0a78f89fc2dc78b700b494c3510e8920.jpg,A Court of Thorns and Roses (A Court of Thorns and Roses #1),Â£52.37
../../media/cache/4e/8d/4e8d87d1cb5e876ddb50599a1d1b656e.jpg,Throne of Glass (Throne of Glass #1),Â£35.07
../../media/cache/2f/21/2f21c9ffd0962092ce337ecd1b338f5b.jpg,The Glittering Court (The Glittering Court #1),Â£44.28
../../media/cache/4c/fd/4cfd83a011f60d38b140642a441ce01a.jpg,Hollow City (Miss Peregrineâs Peculiar Children #2),Â£42.98
../../media/cache/ac/1a/ac1a0546d9cdf6cd82ab7712a6c418df.jpg,The Star-Touched Queen,Â£46.02
../../media/cache/7c/55/7c550a26f03e12343d0c6b4474b3eb1e.jpg,The Hidden Oracle (The Trials of Apollo #1),Â£52.26
../../media/cache/e9/fe/e9fed5b725a6badd26ef93175fdc248b.jpg,The Bane Chronicles (The Bane Chronicles #1-11),Â£44.73
../../media/cache/0f/65/0f6563cce3cc893cde20b088f6fd4107.jpg,Island of Dragons (Unwanteds #7),Â£29.65
../../media/cache/b7/d5/b7d558f31dc9803aeb6c76009fdea5bc.jpg,Demigods & Magicians: Percy and Annabeth Meet the Kanes (Percy Jackson & Kane Chronicles Crossover #1-3),Â£37.51
../../media/cache/10/66/106624e3f3bf865390255be16dfb71d8.jpg,City of Glass (The Mortal Instruments #3),Â£56.02
../../media/cache/9e/b4/9eb4396139c421fc9f832011c68adb2c.jpg,Searching for Meaning in Gailana,Â£38.73
../../media/cache/dc/57/dc57f908a0a2e130a5c065893a9005dd.jpg,The Star-Touched Queen,Â£32.30
../../media/cache/9d/9b/9d9bf1a3155fb3736d2fe12799dcca95.jpg,A Shard of Ice (The Black Symphony Saga #1),Â£56.63
../../media/cache/fc/17/fc17b4149d87d9ee714dde082ede0ee9.jpg,King's Folly (The Kinsman Chronicles #1),Â£39.61
../../media/cache/9b/09/9b0935dc936c92900c2dc5d2114da72f.jpg,Unicorn Tracks,Â£18.78
../../media/cache/4a/99/4a996ae54711cea37e370428b54f8b19.jpg,"Saga, Volume 6 (Saga (Collected Editions) #6)",Â£25.02
../../media/cache/db/01/db01b38d3200a5faff4ead42791416e4.jpg,Princess Between Worlds (Wide-Awake Princess #5),Â£13.34
../../media/cache/05/c4/05c43fe821ae19169c7baa8a54c7e869.jpg,Masks and Shadows,Â£56.40
../../media/cache/b7/7d/b77d5e56daa3c22822abf1b8affbaef9.jpg,Crown of Midnight (Throne of Glass #2),Â£43.29
../../media/cache/9f/25/9f25ffe4229a32d1368b3dfe248c3343.jpg,"Avatar: The Last Airbender: Smoke and Shadow, Part 3 (Smoke and Shadow #3)",Â£28.09
../../media/cache/0a/78/0a78f89fc2dc78b700b494c3510e8920.jpg,A Court of Thorns and Roses (A Court of Thorns and Roses #1),Â£52.37
../../media/cache/4e/8d/4e8d87d1cb5e876ddb50599a1d1b656e.jpg,Throne of Glass (Throne of Glass #1),Â£35.07
../../media/cache/2f/21/2f21c9ffd0962092ce337ecd1b338f5b.jpg,The Glittering Court (The Glittering Court #1),Â£44.28
../../media/cache/4c/fd/4cfd83a011f60d38b140642a441ce01a.jpg,Hollow City (Miss Peregrineâs Peculiar Children #2),Â£42.98
../../media/cache/ac/1a/ac1a0546d9cdf6cd82ab7712a6c418df.jpg,The Star-Touched Queen,Â£46.02
../../media/cache/7c/55/7c550a26f03e12343d0c6b4474b3eb1e.jpg,The Hidden Oracle (The Trials of Apollo #1),Â£52.26
../../media/cache/e9/fe/e9fed5b725a6badd26ef93175fdc248b.jpg,The Bane Chronicles (The Bane Chronicles #1-11),Â£44.73
../../media/cache/0f/65/0f6563cce3cc893cde20b088f6fd4107.jpg,Island of Dragons (Unwanteds #7),Â£29.65
../../media/cache/b7/d5/b7d558f31dc9803aeb6c76009fdea5bc.jpg,Demigods & Magicians: Percy and Annabeth Meet the Kanes (Percy Jackson & Kane Chronicles Crossover #1-3),Â£37.51
../../media/cache/10/66/106624e3f3bf865390255be16dfb71d8.jpg,City of Glass (The Mortal Instruments #3),Â£56.02
../../media/cache/9e/b4/9eb4396139c421fc9f832011c68adb2c.jpg,Searching for Meaning in Gailana,Â£38.73
../../media/cache/dc/57/dc57f908a0a2e130a5c065893a9005dd.jpg,The Star-Touched Queen,Â£32.30
../../media/cache/9d/9b/9d9bf1a3155fb3736d2fe12799dcca95.jpg,A Shard of Ice (The Black Symphony Saga #1),Â£56.63
../../media/cache/fc/17/fc17b4149d87d9ee714dde082ede0ee9.jpg,King's Folly (The Kinsman Chronicles #1),Â£39.61
../../media/cache/9b/09/9b0935dc936c92900c2dc5d2114da72f.jpg,Unicorn Tracks,Â£18.78
../../media/cache/4a/99/4a996ae54711cea37e370428b54f8b19.jpg,"Saga, Volume 6 (Saga (Collected Editions) #6)",Â£25.02
../../media/cache/db/01/db01b38d3200a5faff4ead42791416e4.jpg,Princess Between Worlds (Wide-Awake Princess #5),Â£13.34
../../media/cache/05/c4/05c43fe821ae19169c7baa8a54c7e869.jpg,Masks and Shadows,Â£56.40
../../media/cache/b7/7d/b77d5e56daa3c22822abf1b8affbaef9.jpg,Crown of Midnight (Throne of Glass #2),Â£43.29
../../media/cache/9f/25/9f25ffe4229a32d1368b3dfe248c3343.jpg,"Avatar: The Last Airbender: Smoke and Shadow, Part 3 (Smoke and Shadow #3)",Â£28.09
../../media/cache/0a/78/0a78f89fc2dc78b700b494c3510e8920.jpg,A Court of Thorns and Roses (A Court of Thorns and Roses #1),Â£52.37
../../media/cache/4e/8d/4e8d87d1cb5e876ddb50599a1d1b656e.jpg,Throne of Glass (Throne of Glass #1),Â£35.07
../../media/cache/2f/21/2f21c9ffd0962092ce337ecd1b338f5b.jpg,The Glittering Court (The Glittering Court #1),Â£44.28
../../media/cache/4c/fd/4cfd83a011f60d38b140642a441ce01a.jpg,Hollow City (Miss Peregrineâs Peculiar Children #2),Â£42.98
../../media/cache/ac/1a/ac1a0546d9cdf6cd82ab7712a6c418df.jpg,The Star-Touched Queen,Â£46.02
../../media/cache/7c/55/7c550a26f03e12343d0c6b4474b3eb1e.jpg,The Hidden Oracle (The Trials of Apollo #1),Â£52.26
../../media/cache/e9/fe/e9fed5b725a6badd26ef93175fdc248b.jpg,The Bane Chronicles (The Bane Chronicles #1-11),Â£44.73
../../media/cache/0f/65/0f6563cce3cc893cde20b088f6fd4107.jpg,Island of Dragons (Unwanteds #7),Â£29.65
../../media/cache/b7/d5/b7d558f31dc9803aeb6c76009fdea5bc.jpg,Demigods & Magicians: Percy and Annabeth Meet the Kanes (Percy Jackson & Kane Chronicles Crossover #1-3),Â£37.51
../../media/cache/10/66/106624e3f3bf865390255be16dfb71d8.jpg,City of Glass (The Mortal Instruments #3),Â£56.02
../../media/cache/9e/b4/9eb4396139c421fc9f832011c68adb2c.jpg,Searching for Meaning in Gailana,Â£38.73
../../media/cache/dc/57/dc57f908a0a2e130a5c065893a9005dd.jpg,The Star-Touched Queen,Â£32.30
../../media/cache/9d/9b/9d9bf1a3155fb3736d2fe12799dcca95.jpg,A Shard of Ice (The Black Symphony Saga #1),Â£56.63
../../media/cache/fc/17/fc17b4149d87d9ee714dde082ede0ee9.jpg,King's Folly (The Kinsman Chronicles #1),Â£39.61
../../media/cache/9b/09/9b0935dc936c92900c2dc5d2114da72f.jpg,Unicorn Tracks,Â£18.78
../../media/cache/4a/99/4a996ae54711cea37e370428b54f8b19.jpg,"Saga, Volume 6 (Saga (Collected Editions) #6)",Â£25.02
../../media/cache/db/01/db01b38d3200a5faff4ead42791416e4.jpg,Princess Between Worlds (Wide-Awake Princess #5),Â£13.34
../../media/cache/05/c4/05c43fe821ae19169c7baa8a54c7e869.jpg,Masks and Shadows,Â£56.40
../../media/cache/b7/7d/b77d5e56daa3c22822abf1b8affbaef9.jpg,Crown of Midnight (Throne of Glass #2),Â£43.29
../../media/cache/9f/25/9f25ffe4229a32d1368b3dfe248c3343.jpg,"Avatar: The Last Airbender: Smoke and Shadow, Part 3 (Smoke and Shadow #3)",Â£28.09
../../media/cache/0a/78/0a78f89fc2dc78b700b494c3510e8920.jpg,A Court of Thorns and Roses (A Court of Thorns and Roses #1),Â£52.37
../../media/cache/4e/8d/4e8d87d1cb5e876ddb50599a1d1b656e.jpg,Throne of Glass (Throne of Glass #1),Â£35.07
../../media/cache/2f/21/2f21c9ffd0962092ce337ecd1b338f5b.jpg,The Glittering Court (The Glittering Court #1),Â£44.28
../../media/cache/4c/fd/4cfd83a011f60d38b140642a441ce01a.jpg,Hollow City (Miss Peregrineâs Peculiar Children #2),Â£42.98
../../media/cache/ac/1a/ac1a0546d9cdf6cd82ab7712a6c418df.jpg,The Star-Touched Queen,Â£46.02
../../media/cache/7c/55/7c550a26f03e12343d0c6b4474b3eb1e.jpg,The Hidden Oracle (The Trials of Apollo #1),Â£52.26
../../media/cache/e9/fe/e9fed5b725a6badd26ef93175fdc248b.jpg,The Bane Chronicles (The Bane Chronicles #1-11),Â£44.73
../../media/cache/0f/65/0f6563cce3cc893cde20b088f6fd4107.jpg,Island of Dragons (Unwanteds #7),Â£29.65
../../media/cache/b7/d5/b7d558f31dc9803aeb6c76009fdea5bc.jpg,Demigods & Magicians: Percy and Annabeth Meet the Kanes (Percy Jackson & Kane Chronicles Crossover #1-3),Â£37.51
../../media/cache/10/66/106624e3f3bf865390255be16dfb71d8.jpg,City of Glass (The Mortal Instruments #3),Â£56.02
../../media/cache/9e/b4/9eb4396139c421fc9f832011c68adb2c.jpg,Searching for Meaning in Gailana,Â£38.73
../../media/cache/dc/57/dc57f908a0a2e130a5c065893a9005dd.jpg,The Star-Touched Queen,Â£32.30
../../media/cache/9d/9b/9d9bf1a3155fb3736d2fe12799dcca95.jpg,A Shard of Ice (The Black Symphony Saga #1),Â£56.63
../../media/cache/fc/17/fc17b4149d87d9ee714dde082ede0ee9.jpg,King's Folly (The Kinsman Chronicles #1),Â£39.61
../../media/cache/9b/09/9b0935dc936c92900c2dc5d2114da72f.jpg,Unicorn Tracks,Â£18.78
../../media/cache/4a/99/4a996ae54711cea37e370428b54f8b19.jpg,"Saga, Volume 6 (Saga (Collected Editions) #6)",Â£25.02
../../media/cache/db/01/db01b38d3200a5faff4ead42791416e4.jpg,Princess Between Worlds (Wide-Awake Princess #5),Â£13.34
../../media/cache/05/c4/05c43fe821ae19169c7baa8a54c7e869.jpg,Masks and Shadows,Â£56.40
../../media/cache/b7/7d/b77d5e56daa3c22822abf1b8affbaef9.jpg,Crown of Midnight (Throne of Glass #2),Â£43.29
../../media/cache/9f/25/9f25ffe4229a32d1368b3dfe248c3343.jpg,"Avatar: The Last Airbender: Smoke and Shadow, Part 3 (Smoke and Shadow #3)",Â£28.09
../../media/cache/0a/78/0a78f89fc2dc78b700b494c3510e8920.jpg,A Court of Thorns and Roses (A Court of Thorns and Roses #1),Â£52.37
../../media/cache/4e/8d/4e8d87d1cb5e876ddb50599a1d1b656e.jpg,Throne of Glass (Throne of Glass #1),Â£35.07
../../media/cache/2f/21/2f21c9ffd0962092ce337ecd1b338f5b.jpg,The Glittering Court (The Glittering Court #1),Â£44.28
../../media/cache/4c/fd/4cfd83a011f60d38b140642a441ce01a.jpg,Hollow City (Miss Peregrineâs Peculiar Children #2),Â£42.98
../../media/cache/ac/1a/ac1a0546d9cdf6cd82ab7712a6c418df.jpg,The Star-Touched Queen,Â£46.02
../../media/cache/7c/55/7c550a26f03e12343d0c6b4474b3eb1e.jpg,The Hidden Oracle (The Trials of Apollo #1),Â£52.26
../../media/cache/e9/fe/e9fed5b725a6badd26ef93175fdc248b.jpg,The Bane Chronicles (The Bane Chronicles #1-11),Â£44.73
../../media/cache/0f/65/0f6563cce3cc893cde20b088f6fd4107.jpg,Island of Dragons (Unwanteds #7),Â£29.65
../../media/cache/b7/d5/b7d558f31dc9803aeb6c76009fdea5bc.jpg,Demigods & Magicians: Percy and Annabeth Meet the Kanes (Percy Jackson & Kane Chronicles Crossover #1-3),Â£37.51
../../media/cache/10/66/106624e3f3bf865390255be16dfb71d8.jpg,City of Glass (The Mortal Instruments #3),Â£56.02
../../media/cache/9e/b4/9eb4396139c421fc9f832011c68adb2c.jpg,Searching for Meaning in Gailana,Â£38.73
../../media/cache/dc/57/dc57f908a0a2e130a5c065893a9005dd.jpg,The Star-Touched Queen,Â£32.30
../../media/cache/9d/9b/9d9bf1a3155fb3736d2fe12799dcca95.jpg,A Shard of Ice (The Black Symphony Saga #1),Â£56.63
../../media/cache/fc/17/fc17b4149d87d9ee714dde082ede0ee9.jpg,King's Folly (The Kinsman Chronicles #1),Â£39.61
../../media/cache/9b/09/9b0935dc936c92900c2dc5d2114da72f.jpg,Unicorn Tracks,Â£18.78
../../media/cache/4a/99/4a996ae54711cea37e370428b54f8b19.jpg,"Saga, Volume 6 (Saga (Collected Editions) #6)",Â£25.02
../../media/cache/db/01/db01b38d3200a5faff4ead42791416e4.jpg,Princess Between Worlds (Wide-Awake Princess #5),Â£13.34
../../media/cache/05/c4/05c43fe821ae19169c7baa8a54c7e869.jpg,Masks and Shadows,Â£56.40
../../media/cache/b7/7d/b77d5e56daa3c22822abf1b8affbaef9.jpg,Crown of Midnight (Throne of Glass #2),Â£43.29
../../media/cache/9f/25/9f25ffe4229a32d1368b3dfe248c3343.jpg,"Avatar: The Last Airbender: Smoke and Shadow, Part 3 (Smoke and Shadow #3)",Â£28.09
../../media/cache/0a/78/0a78f89fc2dc78b700b494c3510e8920.jpg,A Court of Thorns and Roses (A Court of Thorns and Roses #1),Â£52.37
../../media/cache/4e/8d/4e8d87d1cb5e876ddb50599a1d1b656e.jpg,Throne of Glass (Throne of Glass #1),Â£35.07
../../media/cache/2f/21/2f21c9ffd0962092ce337ecd1b338f5b.jpg,The Glittering Court (The Glittering Court #1),Â£44.28
../../media/cache/4c/fd/4cfd83a011f60d38b140642a441ce01a.jpg,Hollow City (Miss Peregrineâs Peculiar Children #2),Â£42.98
../../media/cache/ac/1a/ac1a0546d9cdf6cd82ab7712a6c418df.jpg,The Star-Touched Queen,Â£46.02
../../media/cache/7c/55/7c550a26f03e12343d0c6b4474b3eb1e.jpg,The Hidden Oracle (The Trials of Apollo #1),Â£52.26
../../media/cache/e9/fe/e9fed5b725a6badd26ef93175fdc248b.jpg,The Bane Chronicles (The Bane Chronicles #1-11),Â£44.73
../../media/cache/0f/65/0f6563cce3cc893cde20b088f6fd4107.jpg,Island of Dragons (Unwanteds #7),Â£29.65
../../media/cache/b7/d5/b7d558f31dc9803aeb6c76009fdea5bc.jpg,Demigods & Magicians: Percy and Annabeth Meet the Kanes (Percy Jackson & Kane Chronicles Crossover #1-3),Â£37.51
../../media/cache/10/66/106624e3f3bf865390255be16dfb71d8.jpg,City of Glass (The Mortal Instruments #3),Â£56.02
../../media/cache/9e/b4/9eb4396139c421fc9f832011c68adb2c.jpg,Searching for Meaning in Gailana,Â£38.73
../../media/cache/dc/57/dc57f908a0a2e130a5c065893a9005dd.jpg,The Star-Touched Queen,Â£32.30
../../media/cache/9d/9b/9d9bf1a3155fb3736d2fe12799dcca95.jpg,A Shard of Ice (The Black Symphony Saga #1),Â£56.63
../../media/cache/fc/17/fc17b4149d87d9ee714dde082ede0ee9.jpg,King's Folly (The Kinsman Chronicles #1),Â£39.61
../../media/cache/9b/09/9b0935dc936c92900c2dc5d2114da72f.jpg,Unicorn Tracks,Â£18.78
../../media/cache/4a/99/4a996ae54711cea37e370428b54f8b19.jpg,"Saga, Volume 6 (Saga (Collected Editions) #6)",Â£25.02
../../media/cache/db/01/db01b38d3200a5faff4ead42791416e4.jpg,Princess Between Worlds (Wide-Awake Princess #5),Â£13.34
../../media/cache/05/c4/05c43fe821ae19169c7baa8a54c7e869.jpg,Masks and Shadows,Â£56.40
../../media/cache/b7/7d/b77d5e56daa3c22822abf1b8affbaef9.jpg,Crown of Midnight (Throne of Glass #2),Â£43.29
../../media/cache/9f/25/9f25ffe4229a32d1368b3dfe248c3343.jpg,"Avatar: The Last Airbender: Smoke and Shadow, Part 3 (Smoke and Shadow #3)",Â£28.09
../../media/cache/0a/78/0a78f89fc2dc78b700b494c3510e8920.jpg,A Court of Thorns and Roses (A Court of Thorns and Roses #1),Â£52.37
../../media/cache/4e/8d/4e8d87d1cb5e876ddb50599a1d1b656e.jpg,Throne of Glass (Throne of Glass #1),Â£35.07
../../media/cache/2f/21/2f21c9ffd0962092ce337ecd1b338f5b.jpg,The Glittering Court (The Glittering Court #1),Â£44.28
../../media/cache/4c/fd/4cfd83a011f60d38b140642a441ce01a.jpg,Hollow City (Miss Peregrineâs Peculiar Children #2),Â£42.98
../../media/cache/ac/1a/ac1a0546d9cdf6cd82ab7712a6c418df.jpg,The Star-Touched Queen,Â£46.02
../../media/cache/7c/55/7c550a26f03e12343d0c6b4474b3eb1e.jpg,The Hidden Oracle (The Trials of Apollo #1),Â£52.26
../../media/cache/e9/fe/e9fed5b725a6badd26ef93175fdc248b.jpg,The Bane Chronicles (The Bane Chronicles #1-11),Â£44.73
../../media/cache/0f/65/0f6563cce3cc893cde20b088f6fd4107.jpg,Island of Dragons (Unwanteds #7),Â£29.65
../../media/cache/b7/d5/b7d558f31dc9803aeb6c76009fdea5bc.jpg,Demigods & Magicians: Percy and Annabeth Meet the Kanes (Percy Jackson & Kane Chronicles Crossover #1-3),Â£37.51
../../media/cache/10/66/106624e3f3bf865390255be16dfb71d8.jpg,City of Glass (The Mortal Instruments #3),Â£56.02
../../media/cache/9e/b4/9eb4396139c421fc9f832011c68adb2c.jpg,Searching for Meaning in Gailana,Â£38.73
../../media/cache/dc/57/dc57f908a0a2e130a5c065893a9005dd.jpg,The Star-Touched Queen,Â£32.30
../../media/cache/9d/9b/9d9bf1a3155fb3736d2fe12799dcca95.jpg,A Shard of Ice (The Black Symphony Saga #1),Â£56.63
../../media/cache/fc/17/fc17b4149d87d9ee714dde082ede0ee9.jpg,King's Folly (The Kinsman Chronicles #1),Â£39.61
../../media/cache/9b/09/9b0935dc936c92900c2dc5d2114da72f.jpg,Unicorn Tracks,Â£18.78
../../media/cache/4a/99/4a996ae54711cea37e370428b54f8b19.jpg,"Saga, Volume 6 (Saga (Collected Editions) #6)",Â£25.02
../../media/cache/db/01/db01b38d3200a5faff4ead42791416e4.jpg,Princess Between Worlds (Wide-Awake Princess #5),Â£13.34
../../media/cache/05/c4/05c43fe821ae19169c7baa8a54c7e869.jpg,Masks and Shadows,Â£56.40
../../media/cache/b7/7d/b77d5e56daa3c22822abf1b8affbaef9.jpg,Crown of Midnight (Throne of Glass #2),Â£43.29
../../media/cache/9f/25/9f25ffe4229a32d1368b3dfe248c3343.jpg,"Avatar: The Last Airbender: Smoke and Shadow, Part 3 (Smoke and Shadow #3)",Â£28.09
../../media/cache/0a/78/0a78f89fc2dc78b700b494c3510e8920.jpg,A Court of Thorns and Roses (A Court of Thorns and Roses #1),Â£52.37
../../media/cache/4e/8d/4e8d87d1cb5e876ddb50599a1d1b656e.jpg,Throne of Glass (Throne of Glass #1),Â£35.07
../../media/cache/2f/21/2f21c9ffd0962092ce337ecd1b338f5b.jpg,The Glittering Court (The Glittering Court #1),Â£44.28
../../media/cache/4c/fd/4cfd83a011f60d38b140642a441ce01a.jpg,Hollow City (Miss Peregrineâs Peculiar Children #2),Â£42.98
../../media/cache/ac/1a/ac1a0546d9cdf6cd82ab7712a6c418df.jpg,The Star-Touched Queen,Â£46.02
../../media/cache/7c/55/7c550a26f03e12343d0c6b4474b3eb1e.jpg,The Hidden Oracle (The Trials of Apollo #1),Â£52.26
../../media/cache/e9/fe/e9fed5b725a6badd26ef93175fdc248b.jpg,The Bane Chronicles (The Bane Chronicles #1-11),Â£44.73
../../media/cache/0f/65/0f6563cce3cc893cde20b088f6fd4107.jpg,Island of Dragons (Unwanteds #7),Â£29.65
../../media/cache/b7/d5/b7d558f31dc9803aeb6c76009fdea5bc.jpg,Demigods & Magicians: Percy and Annabeth Meet the Kanes (Percy Jackson & Kane Chronicles Crossover #1-3),Â£37.51
../../media/cache/10/66/106624e3f3bf865390255be16dfb71d8.jpg,City of Glass (The Mortal Instruments #3),Â£56.02
../../media/cache/9e/b4/9eb4396139c421fc9f832011c68adb2c.jpg,Searching for Meaning in Gailana,Â£38.73
../../media/cache/dc/57/dc57f908a0a2e130a5c065893a9005dd.jpg,The Star-Touched Queen,Â£32.30
../../media/cache/9d/9b/9d9bf1a3155fb3736d2fe12799dcca95.jpg,A Shard of Ice (The Black Symphony Saga #1),Â£56.63
../../media/cache/fc/17/fc17b4149d87d9ee714dde082ede0ee9.jpg,King's Folly (The Kinsman Chronicles #1),Â£39.61
../../media/cache/9b/09/9b0935dc936c92900c2dc5d2114da72f.jpg,Unicorn Tracks,Â£18.78
../../media/cache/4a/99/4a996ae54711cea37e370428b54f8b19.jpg,"Saga, Volume 6 (Saga (Collected Editions) #6)",Â£25.02
../../media/cache/db/01/db01b38d3200a5faff4ead42791416e4.jpg,Princess Between Worlds (Wide-Awake Princess #5),Â£13.34
../../media/cache/05/c4/05c43fe821ae19169c7baa8a54c7e869.jpg,Masks and Shadows,Â£56.40
../../media/cache/b7/7d/b77d5e56daa3c22822abf1b8affbaef9.jpg,Crown of Midnight (Throne of Glass #2),Â£43.29
../../media/cache/9f/25/9f25ffe4229a32d1368b3dfe248c3343.jpg,"Avatar: The Last Airbender: Smoke and Shadow, Part 3 (Smoke and Shadow #3)",Â£28.09
../../media/cache/0a/78/0a78f89fc2dc78b700b494c3510e8920.jpg,A Court of Thorns and Roses (A Court of Thorns and Roses #1),Â£52.37
../../media/cache/4e/8d/4e8d87d1cb5e876ddb50599a1d1b656e.jpg,Throne of Glass (Throne of Glass #1),Â£35.07
../../media/cache/2f/21/2f21c9ffd0962092ce337ecd1b338f5b.jpg,The Glittering Court (The Glittering Court #1),Â£44.28
../../media/cache/4c/fd/4cfd83a011f60d38b140642a441ce01a.jpg,Hollow City (Miss Peregrineâs Peculiar Children #2),Â£42.98
../../media/cache/ac/1a/ac1a0546d9cdf6cd82ab7712a6c418df.jpg,The Star-Touched Queen,Â£46.02
../../media/cache/7c/55/7c550a26f03e12343d0c6b4474b3eb1e.jpg,The Hidden Oracle (The Trials of Apollo #1),Â£52.26
../../media/cache/e9/fe/e9fed5b725a6badd26ef93175fdc248b.jpg,The Bane Chronicles (The Bane Chronicles #1-11),Â£44.73
../../media/cache/0f/65/0f6563cce3cc893cde20b088f6fd4107.jpg,Island of Dragons (Unwanteds #7),Â£29.65
../../media/cache/b7/d5/b7d558f31dc9803aeb6c76009fdea5bc.jpg,Demigods & Magicians: Percy and Annabeth Meet the Kanes (Percy Jackson & Kane Chronicles Crossover #1-3),Â£37.51
../../media/cache/10/66/106624e3f3bf865390255be16dfb71d8.jpg,City of Glass (The Mortal Instruments #3),Â£56.02
../../media/cache/9e/b4/9eb4396139c421fc9f832011c68adb2c.jpg,Searching for Meaning in Gailana,Â£38.73
../../media/cache/dc/57/dc57f908a0a2e130a5c065893a9005dd.jpg,The Star-Touched Queen,Â£32.30
../../media/cache/9d/9b/9d9bf1a3155fb3736d2fe12799dcca95.jpg,A Shard of Ice (The Black Symphony Saga #1),Â£56.63
../../media/cache/fc/17/fc17b4149d87d9ee714dde082ede0ee9.jpg,King's Folly (The Kinsman Chronicles #1),Â£39.61
../../media/cache/9b/09/9b0935dc936c92900c2dc5d2114da72f.jpg,Unicorn Tracks,Â£18.78
../../media/cache/4a/99/4a996ae54711cea37e370428b54f8b19.jpg,"Saga, Volume 6 (Saga (Collected Editions) #6)",Â£25.02
../../media/cache/db/01/db01b38d3200a5faff4ead42791416e4.jpg,Princess Between Worlds (Wide-Awake Princess #5),Â£13.34
../../media/cache/05/c4/05c43fe821ae19169c7baa8a54c7e869.jpg,Masks and Shadows,Â£56.40
../../media/cache/b7/7d/b77d5e56daa3c22822abf1b8affbaef9.jpg,Crown of Midnight (Throne of Glass #2),Â£43.29
../../media/cache/9f/25/9f25ffe4229a32d1368b3dfe248c3343.jpg,"Avatar: The Last Airbender: Smoke and Shadow, Part 3 (Smoke and Shadow #3)",Â£28.09
../../media/cache/0a/78/0a78f89fc2dc78b700b494c3510e8920.jpg,A Court of Thorns and Roses (A Court of Thorns and Roses #1),Â£52.37
../../media/cache/4e/8d/4e8d87d1cb5e876ddb50599a1d1b656e.jpg,Throne of Glass (Throne of Glass #1),Â£35.07
../../media/cache/2f/21/2f21c9ffd0962092ce337ecd1b338f5b.jpg,The Glittering Court (The Glittering Court #1),Â£44.28
../../media/cache/4c/fd/4cfd83a011f60d38b140642a441ce01a.jpg,Hollow City (Miss Peregrineâs Peculiar Children #2),Â£42.98
../../media/cache/ac/1a/ac1a0546d9cdf6cd82ab7712a6c418df.jpg,The Star-Touched Queen,Â£46.02
../../media/cache/7c/55/7c550a26f03e12343d0c6b4474b3eb1e.jpg,The Hidden Oracle (The Trials of Apollo #1),Â£52.26
../../media/cache/e9/fe/e9fed5b725a6badd26ef93175fdc248b.jpg,The Bane Chronicles (The Bane Chronicles #1-11),Â£44.73
../../media/cache/0f/65/0f6563cce3cc893cde20b088f6fd4107.jpg,Island of Dragons (Unwanteds #7),Â£29.65
../../media/cache/b7/d5/b7d558f31dc9803aeb6c76009fdea5bc.jpg,Demigods & Magicians: Percy and Annabeth Meet the Kanes (Percy Jackson & Kane Chronicles Crossover #1-3),Â£37.51
../../media/cache/10/66/106624e3f3bf865390255be16dfb71d8.jpg,City of Glass (The Mortal Instruments #3),Â£56.02
../../media/cache/9e/b4/9eb4396139c421fc9f832011c68adb2c.jpg,Searching for Meaning in Gailana,Â£38.73
../../media/cache/dc/57/dc57f908a0a2e130a5c065893a9005dd.jpg,The Star-Touched Queen,Â£32.30
../../media/cache/9d/9b/9d9bf1a3155fb3736d2fe12799dcca95.jpg,A Shard of Ice (The Black Symphony Saga #1),Â£56.63
../../media/cache/fc/17/fc17b4149d87d9ee714dde082ede0ee9.jpg,King's Folly (The Kinsman Chronicles #1),Â£39.61
../../media/cache/9b/09/9b0935dc936c92900c2dc5d2114da72f.jpg,Unicorn Tracks,Â£18.78
../../media/cache/4a/99/4a996ae54711cea37e370428b54f8b19.jpg,"Saga, Volume 6 (Saga (Collected Editions) #6)",Â£25.02
../../media/cache/db/01/db01b38d3200a5faff4ead42791416e4.jpg,Princess Between Worlds (Wide-Awake Princess #5),Â£13.34
../../media/cache/05/c4/05c43fe821ae19169c7baa8a54c7e869.jpg,Masks and Shadows,Â£56.40
../../media/cache/b7/7d/b77d5e56daa3c22822abf1b8affbaef9.jpg,Crown of Midnight (Throne of Glass #2),Â£43.29
../../media/cache/9f/25/9f25ffe4229a32d1368b3dfe248c3343.jpg,"Avatar: The Last Airbender: Smoke and Shadow, Part 3 (Smoke and Shadow #3)",Â£28.09
../../media/cache/0a/78/0a78f89fc2dc78b700b494c3510e8920.jpg,A Court of Thorns and Roses (A Court of Thorns and Roses #1),Â£52.37
../../media/cache/4e/8d/4e8d87d1cb5e876ddb50599a1d1b656e.jpg,Throne of Glass (Throne of Glass #1),Â£35.07
../../media/cache/2f/21/2f21c9ffd0962092ce337ecd1b338f5b.jpg,The Glittering Court (The Glittering Court #1),Â£44.28
../../media/cache/4c/fd/4cfd83a011f60d38b140642a441ce01a.jpg,Hollow City (Miss Peregrineâs Peculiar Children #2),Â£42.98
../../media/cache/ac/1a/ac1a0546d9cdf6cd82ab7712a6c418df.jpg,The Star-Touched Queen,Â£46.02
../../media/cache/7c/55/7c550a26f03e12343d0c6b4474b3eb1e.jpg,The Hidden Oracle (The Trials of Apollo #1),Â£52.26
../../media/cache/e9/fe/e9fed5b725a6badd26ef93175fdc248b.jpg,The Bane Chronicles (The Bane Chronicles #1-11),Â£44.73
../../media/cache/0f/65/0f6563cce3cc893cde20b088f6fd4107.jpg,Island of Dragons (Unwanteds #7),Â£29.65
../../media/cache/b7/d5/b7d558f31dc9803aeb6c76009fdea5bc.jpg,Demigods & Magicians: Percy and Annabeth Meet the Kanes (Percy Jackson & Kane Chronicles Crossover #1-3),Â£37.51
../../media/cache/10/66/106624e3f3bf865390255be16dfb71d8.jpg,City of Glass (The Mortal Instruments #3),Â£56.02
../../media/cache/9e/b4/9eb4396139c421fc9f832011c68adb2c.jpg,Searching for Meaning in Gailana,Â£38.73
../../media/cache/dc/57/dc57f908a0a2e130a5c065893a9005dd.jpg,The Star-Touched Queen,Â£32.30
../../media/cache/9d/9b/9d9bf1a3155fb3736d2fe12799dcca95.jpg,A Shard of Ice (The Black Symphony Saga #1),Â£56.63
../../media/cache/fc/17/fc17b4149d87d9ee714dde082ede0ee9.jpg,King's Folly (The Kinsman Chronicles #1),Â£39.61
../../media/cache/9b/09/9b0935dc936c92900c2dc5d2114da72f.jpg,Unicorn Tracks,Â£18.78
../../media/cache/4a/99/4a996ae54711cea37e370428b54f8b19.jpg,"Saga, Volume 6 (Saga (Collected Editions) #6)",Â£25.02
../../media/cache/db/01/db01b38d3200a5faff4ead42791416e4.jpg,Princess Between Worlds (Wide-Awake Princess #5),Â£13.34
../../media/cache/05/c4/05c43fe821ae19169c7baa8a54c7e869.jpg,Masks and Shadows,Â£56.40
../../media/cache/b7/7d/b77d5e56daa3c22822abf1b8affbaef9.jpg,Crown of Midnight (Throne of Glass #2),Â£43.29
../../media/cache/9f/25/9f25ffe4229a32d1368b3dfe248c3343.jpg,"Avatar: The Last Airbender: Smoke and Shadow, Part 3 (Smoke and Shadow #3)",Â£28.09
../../media/cache/0a/78/0a78f89fc2dc78b700b494c3510e8920.jpg,A Court of Thorns and Roses (A Court of Thorns and Roses #1),Â£52.37
../../media/cache/4e/8d/4e8d87d1cb5e876ddb50599a1d1b656e.jpg,Throne of Glass (Throne of Glass #1),Â£35.07
../../media/cache/2f/21/2f21c9ffd0962092ce337ecd1b338f5b.jpg,The Glittering Court (The Glittering Court #1),Â£44.28
../../media/cache/4c/fd/4cfd83a011f60d38b140642a441ce01a.jpg,Hollow City (Miss Peregrineâs Peculiar Children #2),Â£42.98
../../media/cache/ac/1a/ac1a0546d9cdf6cd82ab7712a6c418df.jpg,The Star-Touched Queen,Â£46.02
../../media/cache/7c/55/7c550a26f03e12343d0c6b4474b3eb1e.jpg,The Hidden Oracle (The Trials of Apollo #1),Â£52.26
../../media/cache/e9/fe/e9fed5b725a6badd26ef93175fdc248b.jpg,The Bane Chronicles (The Bane Chronicles #1-11),Â£44.73
../../media/cache/0f/65/0f6563cce3cc893cde20b088f6fd4107.jpg,Island of Dragons (Unwanteds #7),Â£29.65
../../media/cache/b7/d5/b7d558f31dc9803aeb6c76009fdea5bc.jpg,Demigods & Magicians: Percy and Annabeth Meet the Kanes (Percy Jackson & Kane Chronicles Crossover #1-3),Â£37.51
../../media/cache/10/66/106624e3f3bf865390255be16dfb71d8.jpg,City of Glass (The Mortal Instruments #3),Â£56.02
../../media/cache/9e/b4/9eb4396139c421fc9f832011c68adb2c.jpg,Searching for Meaning in Gailana,Â£38.73
../../media/cache/dc/57/dc57f908a0a2e130a5c065893a9005dd.jpg,The Star-Touched Queen,Â£32.30
../../media/cache/9d/9b/9d9bf1a3155fb3736d2fe12799dcca95.jpg,A Shard of Ice (The Black Symphony Saga #1),Â£56.63
../../media/cache/fc/17/fc17b4149d87d9ee714dde082ede0ee9.jpg,King's Folly (The Kinsman Chronicles #1),Â£39.61
../../media/cache/9b/09/9b0935dc936c92900c2dc5d2114da72f.jpg,Unicorn Tracks,Â£18.78
../../media/cache/4a/99/4a996ae54711cea37e370428b54f8b19.jpg,"Saga, Volume 6 (Saga (Collected Editions) #6)",Â£25.02
../../media/cache/db/01/db01b38d3200a5faff4ead42791416e4.jpg,Princess Between Worlds (Wide-Awake Princess #5),Â£13.34
../../media/cache/05/c4/05c43fe821ae19169c7baa8a54c7e869.jpg,Masks and Shadows,Â£56.40
../../media/cache/b7/7d/b77d5e56daa3c22822abf1b8affbaef9.jpg,Crown of Midnight (Throne of Glass #2),Â£43.29
../../media/cache/9f/25/9f25ffe4229a32d1368b3dfe248c3343.jpg,"Avatar: The Last Airbender: Smoke and Shadow, Part 3 (Smoke and Shadow #3)",Â£28.09
../../media/cache/0a/78/0a78f89fc2dc78b700b494c3510e8920.jpg,A Court of Thorns and Roses (A Court of Thorns and Roses #1),Â£52.37
../../media/cache/4e/8d/4e8d87d1cb5e876ddb50599a1d1b656e.jpg,Throne of Glass (Throne of Glass #1),Â£35.07
../../media/cache/2f/21/2f21c9ffd0962092ce337ecd1b338f5b.jpg,The Glittering Court (The Glittering Court #1),Â£44.28
../../media/cache/4c/fd/4cfd83a011f60d38b140642a441ce01a.jpg,Hollow City (Miss Peregrineâs Peculiar Children #2),Â£42.98
../../media/cache/ac/1a/ac1a0546d9cdf6cd82ab7712a6c418df.jpg,The Star-Touched Queen,Â£46.02
../../media/cache/7c/55/7c550a26f03e12343d0c6b4474b3eb1e.jpg,The Hidden Oracle (The Trials of Apollo #1),Â£52.26
../../media/cache/e9/fe/e9fed5b725a6badd26ef93175fdc248b.jpg,The Bane Chronicles (The Bane Chronicles #1-11),Â£44.73
../../media/cache/0f/65/0f6563cce3cc893cde20b088f6fd4107.jpg,Island of Dragons (Unwanteds #7),Â£29.65
../../media/cache/b7/d5/b7d558f31dc9803aeb6c76009fdea5bc.jpg,Demigods & Magicians: Percy and Annabeth Meet the Kanes (Percy Jackson & Kane Chronicles Crossover #1-3),Â£37.51
../../media/cache/10/66/106624e3f3bf865390255be16dfb71d8.jpg,City of Glass (The Mortal Instruments #3),Â£56.02
../../media/cache/9e/b4/9eb4396139c421fc9f832011c68adb2c.jpg,Searching for Meaning in Gailana,Â£38.73
../../media/cache/dc/57/dc57f908a0a2e130a5c065893a9005dd.jpg,The Star-Touched Queen,Â£32.30
../../media/cache/9d/9b/9d9bf1a3155fb3736d2fe12799dcca95.jpg,A Shard of Ice (The Black Symphony Saga #1),Â£56.63
../../media/cache/fc/17/fc17b4149d87d9ee714dde082ede0ee9.jpg,King's Folly (The Kinsman Chronicles #1),Â£39.61
../../media/cache/9b/09/9b0935dc936c92900c2dc5d2114da72f.jpg,Unicorn Tracks,Â£18.78
../../media/cache/4a/99/4a996ae54711cea37e370428b54f8b19.jpg,"Saga, Volume 6 (Saga (Collected Editions) #6)",Â£25.02
../../media/cache/db/01/db01b38d3200a5faff4ead42791416e4.jpg,Princess Between Worlds (Wide-Awake Princess #5),Â£13.34
../../media/cache/05/c4/05c43fe821ae19169c7baa8a54c7e869.jpg,Masks and Shadows,Â£56.40
../../media/cache/b7/7d/b77d5e56daa3c22822abf1b8affbaef9.jpg,Crown of Midnight (Throne of Glass #2),Â£43.29
../../media/cache/9f/25/9f25ffe4229a32d1368b3dfe248c3343.jpg,"Avatar: The Last Airbender: Smoke and Shadow, Part 3 (Smoke and Shadow #3)",Â£28.09
../../media/cache/0a/78/0a78f89fc2dc78b700b494c3510e8920.jpg,A Court of Thorns and Roses (A Court of Thorns and Roses #1),Â£52.37
../../media/cache/4e/8d/4e8d87d1cb5e876ddb50599a1d1b656e.jpg,Throne of Glass (Throne of Glass #1),Â£35.07
../../media/cache/2f/21/2f21c9ffd0962092ce337ecd1b338f5b.jpg,The Glittering Court (The Glittering Court #1),Â£44.28
../../media/cache/4c/fd/4cfd83a011f60d38b140642a441ce01a.jpg,Hollow City (Miss Peregrineâs Peculiar Children #2),Â£42.98
../../media/cache/ac/1a/ac1a0546d9cdf6cd82ab7712a6c418df.jpg,The Star-Touched Queen,Â£46.02
../../media/cache/7c/55/7c550a26f03e12343d0c6b4474b3eb1e.jpg,The Hidden Oracle (The Trials of Apollo #1),Â£52.26
../../media/cache/e9/fe/e9fed5b725a6badd26ef93175fdc248b.jpg,The Bane Chronicles (The Bane Chronicles #1-11),Â£44.73
../../media/cache/0f/65/0f6563cce3cc893cde20b088f6fd4107.jpg,Island of Dragons (Unwanteds #7),Â£29.65
../../media/cache/b7/d5/b7d558f31dc9803aeb6c76009fdea5bc.jpg,Demigods & Magicians: Percy and Annabeth Meet the Kanes (Percy Jackson & Kane Chronicles Crossover #1-3),Â£37.51
../../media/cache/10/66/106624e3f3bf865390255be16dfb71d8.jpg,City of Glass (The Mortal Instruments #3),Â£56.02
../../media/cache/9e/b4/9eb4396139c421fc9f832011c68adb2c.jpg,Searching for Meaning in Gailana,Â£38.73
../../media/cache/dc/57/dc57f908a0a2e130a5c065893a9005dd.jpg,The Star-Touched Queen,Â£32.30
../../media/cache/9d/9b/9d9bf1a3155fb3736d2fe12799dcca95.jpg,A Shard of Ice (The Black Symphony Saga #1),Â£56.63
../../media/cache/fc/17/fc17b4149d87d9ee714dde082ede0ee9.jpg,King's Folly (The Kinsman Chronicles #1),Â£39.61
../../media/cache/9b/09/9b0935dc936c92900c2dc5d2114da72f.jpg,Unicorn Tracks,Â£18.78
../../media/cache/4a/99/4a996ae54711cea37e370428b54f8b19.jpg,"Saga, Volume 6 (Saga (Collected Editions) #6)",Â£25.02
../../media/cache/db/01/db01b38d3200a5faff4ead42791416e4.jpg,Princess Between Worlds (Wide-Awake Princess #5),Â£13.34
../../media/cache/05/c4/05c43fe821ae19169c7baa8a54c7e869.jpg,Masks and Shadows,Â£56.40
../../media/cache/b7/7d/b77d5e56daa3c22822abf1b8affbaef9.jpg,Crown of Midnight (Throne of Glass #2),Â£43.29
../../media/cache/9f/25/9f25ffe4229a32d1368b3dfe248c3343.jpg,"Avatar: The Last Airbender: Smoke and Shadow, Part 3 (Smoke and Shadow #3)",Â£28.09
../../media/cache/0a/78/0a78f89fc2dc78b700b494c3510e8920.jpg,A Court of Thorns and Roses (A Court of Thorns and Roses #1),Â£52.37
../../media/cache/4e/8d/4e8d87d1cb5e876ddb50599a1d1b656e.jpg,Throne of Glass (Throne of Glass #1),Â£35.07
../../media/cache/2f/21/2f21c9ffd0962092ce337ecd1b338f5b.jpg,The Glittering Court (The Glittering Court #1),Â£44.28
../../media/cache/4c/fd/4cfd83a011f60d38b140642a441ce01a.jpg,Hollow City (Miss Peregrineâs Peculiar Children #2),Â£42.98
../../media/cache/ac/1a/ac1a0546d9cdf6cd82ab7712a6c418df.jpg,The Star-Touched Queen,Â£46.02
../../media/cache/7c/55/7c550a26f03e12343d0c6b4474b3eb1e.jpg,The Hidden Oracle (The Trials of Apollo #1),Â£52.26
../../media/cache/e9/fe/e9fed5b725a6badd26ef93175fdc248b.jpg,The Bane Chronicles (The Bane Chronicles #1-11),Â£44.73
../../media/cache/0f/65/0f6563cce3cc893cde20b088f6fd4107.jpg,Island of Dragons (Unwanteds #7),Â£29.65
../../media/cache/b7/d5/b7d558f31dc9803aeb6c76009fdea5bc.jpg,Demigods & Magicians: Percy and Annabeth Meet the Kanes (Percy Jackson & Kane Chronicles Crossover #1-3),Â£37.51
../../media/cache/10/66/106624e3f3bf865390255be16dfb71d8.jpg,City of Glass (The Mortal Instruments #3),Â£56.02
../../media/cache/9e/b4/9eb4396139c421fc9f832011c68adb2c.jpg,Searching for Meaning in Gailana,Â£38.73
../../media/cache/dc/57/dc57f908a0a2e130a5c065893a9005dd.jpg,The Star-Touched Queen,Â£32.30
../../media/cache/9d/9b/9d9bf1a3155fb3736d2fe12799dcca95.jpg,A Shard of Ice (The Black Symphony Saga #1),Â£56.63
../../media/cache/fc/17/fc17b4149d87d9ee714dde082ede0ee9.jpg,King's Folly (The Kinsman Chronicles #1),Â£39.61
../../media/cache/9b/09/9b0935dc936c92900c2dc5d2114da72f.jpg,Unicorn Tracks,Â£18.78
../../media/cache/4a/99/4a996ae54711cea37e370428b54f8b19.jpg,"Saga, Volume 6 (Saga (Collected Editions) #6)",Â£25.02
../../media/cache/db/01/db01b38d3200a5faff4ead42791416e4.jpg,Princess Between Worlds (Wide-Awake Princess #5),Â£13.34
../../media/cache/05/c4/05c43fe821ae19169c7baa8a54c7e869.jpg,Masks and Shadows,Â£56.40
../../media/cache/b7/7d/b77d5e56daa3c22822abf1b8affbaef9.jpg,Crown of Midnight (Throne of Glass #2),Â£43.29
../../media/cache/9f/25/9f25ffe4229a32d1368b3dfe248c3343.jpg,"Avatar: The Last Airbender: Smoke and Shadow, Part 3 (Smoke and Shadow #3)",Â£28.09
../../media/cache/0a/78/0a78f89fc2dc78b700b494c3510e8920.jpg,A Court of Thorns and Roses (A Court of Thorns and Roses #1),Â£52.37
../../media/cache/4e/8d/4e8d87d1cb5e876ddb50599a1d1b656e.jpg,Throne of Glass (Throne of Glass #1),Â£35.07
../../media/cache/2f/21/2f21c9ffd0962092ce337ecd1b338f5b.jpg,The Glittering Court (The Glittering Court #1),Â£44.28
../../media/cache/4c/fd/4cfd83a011f60d38b140642a441ce01a.jpg,Hollow City (Miss Peregrineâs Peculiar Children #2),Â£42.98
../../media/cache/ac/1a/ac1a0546d9cdf6cd82ab7712a6c418df.jpg,The Star-Touched Queen,Â£46.02
../../media/cache/7c/55/7c550a26f03e12343d0c6b4474b3eb1e.jpg,The Hidden Oracle (The Trials of Apollo #1),Â£52.26
../../media/cache/e9/fe/e9fed5b725a6badd26ef93175fdc248b.jpg,The Bane Chronicles (The Bane Chronicles #1-11),Â£44.73
../../media/cache/0f/65/0f6563cce3cc893cde20b088f6fd4107.jpg,Island of Dragons (Unwanteds #7),Â£29.65
../../media/cache/b7/d5/b7d558f31dc9803aeb6c76009fdea5bc.jpg,Demigods & Magicians: Percy and Annabeth Meet the Kanes (Percy Jackson & Kane Chronicles Crossover #1-3),Â£37.51
../../media/cache/10/66/106624e3f3bf865390255be16dfb71d8.jpg,City of Glass (The Mortal Instruments #3),Â£56.02
../../media/cache/9e/b4/9eb4396139c421fc9f832011c68adb2c.jpg,Searching for Meaning in Gailana,Â£38.73
../../media/cache/dc/57/dc57f908a0a2e130a5c065893a9005dd.jpg,The Star-Touched Queen,Â£32.30
../../media/cache/9d/9b/9d9bf1a3155fb3736d2fe12799dcca95.jpg,A Shard of Ice (The Black Symphony Saga #1),Â£56.63
../../media/cache/fc/17/fc17b4149d87d9ee714dde082ede0ee9.jpg,King's Folly (The Kinsman Chronicles #1),Â£39.61
../../media/cache/9b/09/9b0935dc936c92900c2dc5d2114da72f.jpg,Unicorn Tracks,Â£18.78
../../media/cache/4a/99/4a996ae54711cea37e370428b54f8b19.jpg,"Saga, Volume 6 (Saga (Collected Editions) #6)",Â£25.02
../../media/cache/db/01/db01b38d3200a5faff4ead42791416e4.jpg,Princess Between Worlds (Wide-Awake Princess #5),Â£13.34
../../media/cache/05/c4/05c43fe821ae19169c7baa8a54c7e869.jpg,Masks and Shadows,Â£56.40
../../media/cache/b7/7d/b77d5e56daa3c22822abf1b8affbaef9.jpg,Crown of Midnight (Throne of Glass #2),Â£43.29
../../media/cache/9f/25/9f25ffe4229a32d1368b3dfe248c3343.jpg,"Avatar: The Last Airbender: Smoke and Shadow, Part 3 (Smoke and Shadow #3)",Â£28.09
../../media/cache/0a/78/0a78f89fc2dc78b700b494c3510e8920.jpg,A Court of Thorns and Roses (A Court of Thorns and Roses #1),Â£52.37
../../media/cache/4e/8d/4e8d87d1cb5e876ddb50599a1d1b656e.jpg,Throne of Glass (Throne of Glass #1),Â£35.07
../../media/cache/2f/21/2f21c9ffd0962092ce337ecd1b338f5b.jpg,The Glittering Court (The Glittering Court #1),Â£44.28
../../media/cache/4c/fd/4cfd83a011f60d38b140642a441ce01a.jpg,Hollow City (Miss Peregrineâs Peculiar Children #2),Â£42.98
../../media/cache/ac/1a/ac1a0546d9cdf6cd82ab7712a6c418df.jpg,The Star-Touched Queen,Â£46.02
../../media/cache/7c/55/7c550a26f03e12343d0c6b4474b3eb1e.jpg,The Hidden Oracle (The Trials of Apollo #1),Â£52.26
../../media/cache/e9/fe/e9fed5b725a6badd26ef93175fdc248b.jpg,The Bane Chronicles (The Bane Chronicles #1-11),Â£44.73
../../media/cache/0f/65/0f6563cce3cc893cde20b088f6fd4107.jpg,Island of Dragons (Unwanteds #7),Â£29.65
../../media/cache/b7/d5/b7d558f31dc9803aeb6c76009fdea5bc.jpg,Demigods & Magicians: Percy and Annabeth Meet the Kanes (Percy Jackson & Kane Chronicles Crossover #1-3),Â£37.51
../../media/cache/10/66/106624e3f3bf865390255be16dfb71d8.jpg,City of Glass (The Mortal Instruments #3),Â£56.02
../../media/cache/9e/b4/9eb4396139c421fc9f832011c68adb2c.jpg,Searching for Meaning in Gailana,Â£38.73
../../media/cache/dc/57/dc57f908a0a2e130a5c065893a9005dd.jpg,The Star-Touched Queen,Â£32.30
../../media/cache/9d/9b/9d9bf1a3155fb3736d2fe12799dcca95.jpg,A Shard of Ice (The Black Symphony Saga #1),Â£56.63
../../media/cache/fc/17/fc17b4149d87d9ee714dde082ede0ee9.jpg,King's Folly (The Kinsman Chronicles #1),Â£39.61
../../media/cache/9b/09/9b0935dc936c92900c2dc5d2114da72f.jpg,Unicorn Tracks,Â£18.78
../../media/cache/4a/99/4a996ae54711cea37e370428b54f8b19.jpg,"Saga, Volume 6 (Saga (Collected Editions) #6)",Â£25.02
../../media/cache/db/01/db01b38d3200a5faff4ead42791416e4.jpg,Princess Between Worlds (Wide-Awake Princess #5),Â£13.34
../../media/cache/05/c4/05c43fe821ae19169c7baa8a54c7e869.jpg,Masks and Shadows,Â£56.40
../../media/cache/b7/7d/b77d5e56daa3c22822abf1b8affbaef9.jpg,Crown of Midnight (Throne of Glass #2),Â£43.29
../../media/cache/9f/25/9f25ffe4229a32d1368b3dfe248c3343.jpg,"Avatar: The Last Airbender: Smoke and Shadow, Part 3 (Smoke and Shadow #3)",Â£28.09
../../media/cache/0a/78/0a78f89fc2dc78b700b494c3510e8920.jpg,A Court of Thorns and Roses (A Court of Thorns and Roses #1),Â£52.37
../../media/cache/4e/8d/4e8d87d1cb5e876ddb50599a1d1b656e.jpg,Throne of Glass (Throne of Glass #1),Â£35.07
../../media/cache/2f/21/2f21c9ffd0962092ce337ecd1b338f5b.jpg,The Glittering Court (The Glittering Court #1),Â£44.28
../../media/cache/4c/fd/4cfd83a011f60d38b140642a441ce01a.jpg,Hollow City (Miss Peregrineâs Peculiar Children #2),Â£42.98
../../media/cache/ac/1a/ac1a0546d9cdf6cd82ab7712a6c418df.jpg,The Star-Touched Queen,Â£46.02
../../media/cache/7c/55/7c550a26f03e12343d0c6b4474b3eb1e.jpg,The Hidden Oracle (The Trials of Apollo #1),Â£52.26
../../media/cache/e9/fe/e9fed5b725a6badd26ef93175fdc248b.jpg,The Bane Chronicles (The Bane Chronicles #1-11),Â£44.73
../../media/cache/0f/65/0f6563cce3cc893cde20b088f6fd4107.jpg,Island of Dragons (Unwanteds #7),Â£29.65
../../media/cache/b7/d5/b7d558f31dc9803aeb6c76009fdea5bc.jpg,Demigods & Magicians: Percy and Annabeth Meet the Kanes (Percy Jackson & Kane Chronicles Crossover #1-3),Â£37.51
../../media/cache/10/66/106624e3f3bf865390255be16dfb71d8.jpg,City of Glass (The Mortal Instruments #3),Â£56.02
../../media/cache/9e/b4/9eb4396139c421fc9f832011c68adb2c.jpg,Searching for Meaning in Gailana,Â£38.73
../../media/cache/dc/57/dc57f908a0a2e130a5c065893a9005dd.jpg,The Star-Touched Queen,Â£32.30
../../media/cache/9d/9b/9d9bf1a3155fb3736d2fe12799dcca95.jpg,A Shard of Ice (The Black Symphony Saga #1),Â£56.63
../../media/cache/fc/17/fc17b4149d87d9ee714dde082ede0ee9.jpg,King's Folly (The Kinsman Chronicles #1),Â£39.61
../../media/cache/9b/09/9b0935dc936c92900c2dc5d2114da72f.jpg,Unicorn Tracks,Â£18.78
../../media/cache/4a/99/4a996ae54711cea37e370428b54f8b19.jpg,"Saga, Volume 6 (Saga (Collected Editions) #6)",Â£25.02
../../media/cache/db/01/db01b38d3200a5faff4ead42791416e4.jpg,Princess Between Worlds (Wide-Awake Princess #5),Â£13.34
../../media/cache/05/c4/05c43fe821ae19169c7baa8a54c7e869.jpg,Masks and Shadows,Â£56.40
../../media/cache/b7/7d/b77d5e56daa3c22822abf1b8affbaef9.jpg,Crown of Midnight (Throne of Glass #2),Â£43.29
../../media/cache/9f/25/9f25ffe4229a32d1368b3dfe248c3343.jpg,"Avatar: The Last Airbender: Smoke and Shadow, Part 3 (Smoke and Shadow #3)",Â£28.09
../../media/cache/0a/78/0a78f89fc2dc78b700b494c3510e8920.jpg,A Court of Thorns and Roses (A Court of Thorns and Roses #1),Â£52.37
../../media/cache/4e/8d/4e8d87d1cb5e876ddb50599a1d1b656e.jpg,Throne of Glass (Throne of Glass #1),Â£35.07
../../media/cache/2f/21/2f21c9ffd0962092ce337ecd1b338f5b.jpg,The Glittering Court (The Glittering Court #1),Â£44.28
../../media/cache/4c/fd/4cfd83a011f60d38b140642a441ce01a.jpg,Hollow City (Miss Peregrineâs Peculiar Children #2),Â£42.98
../../media/cache/ac/1a/ac1a0546d9cdf6cd82ab7712a6c418df.jpg,The Star-Touched Queen,Â£46.02
../../media/cache/7c/55/7c550a26f03e12343d0c6b4474b3eb1e.jpg,The Hidden Oracle (The Trials of Apollo #1),Â£52.26
../../media/cache/e9/fe/e9fed5b725a6badd26ef93175fdc248b.jpg,The Bane Chronicles (The Bane Chronicles #1-11),Â£44.73
../../media/cache/0f/65/0f6563cce3cc893cde20b088f6fd4107.jpg,Island of Dragons (Unwanteds #7),Â£29.65
../../media/cache/b7/d5/b7d558f31dc9803aeb6c76009fdea5bc.jpg,Demigods & Magicians: Percy and Annabeth Meet the Kanes (Percy Jackson & Kane Chronicles Crossover #1-3),Â£37.51
../../media/cache/10/66/106624e3f3bf865390255be16dfb71d8.jpg,City of Glass (The Mortal Instruments #3),Â£56.02
../../media/cache/9e/b4/9eb4396139c421fc9f832011c68adb2c.jpg,Searching for Meaning in Gailana,Â£38.73
../../media/cache/dc/57/dc57f908a0a2e130a5c065893a9005dd.jpg,The Star-Touched Queen,Â£32.30
../../media/cache/9d/9b/9d9bf1a3155fb3736d2fe12799dcca95.jpg,A Shard of Ice (The Black Symphony Saga #1),Â£56.63
../../media/cache/fc/17/fc17b4149d87d9ee714dde082ede0ee9.jpg,King's Folly (The Kinsman Chronicles #1),Â£39.61
../../media/cache/9b/09/9b0935dc936c92900c2dc5d2114da72f.jpg,Unicorn Tracks,Â£18.78
../../media/cache/4a/99/4a996ae54711cea37e370428b54f8b19.jpg,"Saga, Volume 6 (Saga (Collected Editions) #6)",Â£25.02
../../media/cache/db/01/db01b38d3200a5faff4ead42791416e4.jpg,Princess Between Worlds (Wide-Awake Princess #5),Â£13.34
../../media/cache/05/c4/05c43fe821ae19169c7baa8a54c7e869.jpg,Masks and Shadows,Â£56.40
../../media/cache/b7/7d/b77d5e56daa3c22822abf1b8affbaef9.jpg,Crown of Midnight (Throne of Glass #2),Â£43.29
../../media/cache/9f/25/9f25ffe4229a32d1368b3dfe248c3343.jpg,"Avatar: The Last Airbender: Smoke and Shadow, Part 3 (Smoke and Shadow #3)",Â£28.09
../../media/cache/0a/78/0a78f89fc2dc78b700b494c3510e8920.jpg,A Court of Thorns and Roses (A Court of Thorns and Roses #1),Â£52.37
../../media/cache/4e/8d/4e8d87d1cb5e876ddb50599a1d1b656e.jpg,Throne of Glass (Throne of Glass #1),Â£35.07
../../media/cache/2f/21/2f21c9ffd0962092ce337ecd1b338f5b.jpg,The Glittering Court (The Glittering Court #1),Â£44.28
../../media/cache/4c/fd/4cfd83a011f60d38b140642a441ce01a.jpg,Hollow City (Miss Peregrineâs Peculiar Children #2),Â£42.98
../../media/cache/ac/1a/ac1a0546d9cdf6cd82ab7712a6c418df.jpg,The Star-Touched Queen,Â£46.02
../../media/cache/7c/55/7c550a26f03e12343d0c6b4474b3eb1e.jpg,The Hidden Oracle (The Trials of Apollo #1),Â£52.26
../../media/cache/e9/fe/e9fed5b725a6badd26ef93175fdc248b.jpg,The Bane Chronicles (The Bane Chronicles #1-11),Â£44.73
../../media/cache/0f/65/0f6563cce3cc893cde20b088f6fd4107.jpg,Island of Dragons (Unwanteds #7),Â£29.65
../../media/cache/b7/d5/b7d558f31dc9803aeb6c76009fdea5bc.jpg,Demigods & Magicians: Percy and Annabeth Meet the Kanes (Percy Jackson & Kane Chronicles Crossover #1-3),Â£37.51
../../media/cache/10/66/106624e3f3bf865390255be16dfb71d8.jpg,City of Glass (The Mortal Instruments #3),Â£56.02
../../media/cache/9e/b4/9eb4396139c421fc9f832011c68adb2c.jpg,Searching for Meaning in Gailana,Â£38.73
../../media/cache/dc/57/dc57f908a0a2e130a5c065893a9005dd.jpg,The Star-Touched Queen,Â£32.30
../../media/cache/9d/9b/9d9bf1a3155fb3736d2fe12799dcca95.jpg,A Shard of Ice (The Black Symphony Saga #1),Â£56.63
../../media/cache/fc/17/fc17b4149d87d9ee714dde082ede0ee9.jpg,King's Folly (The Kinsman Chronicles #1),Â£39.61
../../media/cache/9b/09/9b0935dc936c92900c2dc5d2114da72f.jpg,Unicorn Tracks,Â£18.78
../../media/cache/4a/99/4a996ae54711cea37e370428b54f8b19.jpg,"Saga, Volume 6 (Saga (Collected Editions) #6)",Â£25.02
../../media/cache/db/01/db01b38d3200a5faff4ead42791416e4.jpg,Princess Between Worlds (Wide-Awake Princess #5),Â£13.34
../../media/cache/05/c4/05c43fe821ae19169c7baa8a54c7e869.jpg,Masks and Shadows,Â£56.40
../../media/cache/b7/7d/b77d5e56daa3c22822abf1b8affbaef9.jpg,Crown of Midnight (Throne of Glass #2),Â£43.29
../../media/cache/9f/25/9f25ffe4229a32d1368b3dfe248c3343.jpg,"Avatar: The Last Airbender: Smoke and Shadow, Part 3 (Smoke and Shadow #3)",Â£28.09
../../media/cache/0a/78/0a78f89fc2dc78b700b494c3510e8920.jpg,A Court of Thorns and Roses (A Court of Thorns and Roses #1),Â£52.37
../../media/cache/4e/8d/4e8d87d1cb5e876ddb50599a1d1b656e.jpg,Throne of Glass (Throne of Glass #1),Â£35.07
../../media/cache/2f/21/2f21c9ffd0962092ce337ecd1b338f5b.jpg,The Glittering Court (The Glittering Court #1),Â£44.28
../../media/cache/4c/fd/4cfd83a011f60d38b140642a441ce01a.jpg,Hollow City (Miss Peregrineâs Peculiar Children #2),Â£42.98
../../media/cache/ac/1a/ac1a0546d9cdf6cd82ab7712a6c418df.jpg,The Star-Touched Queen,Â£46.02
../../media/cache/7c/55/7c550a26f03e12343d0c6b4474b3eb1e.jpg,The Hidden Oracle (The Trials of Apollo #1),Â£52.26
../../media/cache/e9/fe/e9fed5b725a6badd26ef93175fdc248b.jpg,The Bane Chronicles (The Bane Chronicles #1-11),Â£44.73
../../media/cache/0f/65/0f6563cce3cc893cde20b088f6fd4107.jpg,Island of Dragons (Unwanteds #7),Â£29.65
../../media/cache/b7/d5/b7d558f31dc9803aeb6c76009fdea5bc.jpg,Demigods & Magicians: Percy and Annabeth Meet the Kanes (Percy Jackson & Kane Chronicles Crossover #1-3),Â£37.51
../../media/cache/10/66/106624e3f3bf865390255be16dfb71d8.jpg,City of Glass (The Mortal Instruments #3),Â£56.02
../../media/cache/9e/b4/9eb4396139c421fc9f832011c68adb2c.jpg,Searching for Meaning in Gailana,Â£38.73
../../media/cache/dc/57/dc57f908a0a2e130a5c065893a9005dd.jpg,The Star-Touched Queen,Â£32.30
../../media/cache/9d/9b/9d9bf1a3155fb3736d2fe12799dcca95.jpg,A Shard of Ice (The Black Symphony Saga #1),Â£56.63
../../media/cache/fc/17/fc17b4149d87d9ee714dde082ede0ee9.jpg,King's Folly (The Kinsman Chronicles #1),Â£39.61
../../media/cache/9b/09/9b0935dc936c92900c2dc5d2114da72f.jpg,Unicorn Tracks,Â£18.78
../../media/cache/4a/99/4a996ae54711cea37e370428b54f8b19.jpg,"Saga, Volume 6 (Saga (Collected Editions) #6)",Â£25.02
../../media/cache/db/01/db01b38d3200a5faff4ead42791416e4.jpg,Princess Between Worlds (Wide-Awake Princess #5),Â£13.34
../../media/cache/05/c4/05c43fe821ae19169c7baa8a54c7e869.jpg,Masks and Shadows,Â£56.40
../../media/cache/b7/7d/b77d5e56daa3c22822abf1b8affbaef9.jpg,Crown of Midnight (Throne of Glass #2),Â£43.29
../../media/cache/9f/25/9f25ffe4229a32d1368b3dfe248c3343.jpg,"Avatar: The Last Airbender: Smoke and Shadow, Part 3 (Smoke and Shadow #3)",Â£28.09
../../media/cache/0a/78/0a78f89fc2dc78b700b494c3510e8920.jpg,A Court of Thorns and Roses (A Court of Thorns and Roses #1),Â£52.37
../../media/cache/4e/8d/4e8d87d1cb5e876ddb50599a1d1b656e.jpg,Throne of Glass (Throne of Glass #1),Â£35.07
../../media/cache/2f/21/2f21c9ffd0962092ce337ecd1b338f5b.jpg,The Glittering Court (The Glittering Court #1),Â£44.28
../../media/cache/4c/fd/4cfd83a011f60d38b140642a441ce01a.jpg,Hollow City (Miss Peregrineâs Peculiar Children #2),Â£42.98
../../media/cache/ac/1a/ac1a0546d9cdf6cd82ab7712a6c418df.jpg,The Star-Touched Queen,Â£46.02
../../media/cache/7c/55/7c550a26f03e12343d0c6b4474b3eb1e.jpg,The Hidden Oracle (The Trials of Apollo #1),Â£52.26
../../media/cache/e9/fe/e9fed5b725a6badd26ef93175fdc248b.jpg,The Bane Chronicles (The Bane Chronicles #1-11),Â£44.73
../../media/cache/0f/65/0f6563cce3cc893cde20b088f6fd4107.jpg,Island of Dragons (Unwanteds #7),Â£29.65
../../media/cache/b7/d5/b7d558f31dc9803aeb6c76009fdea5bc.jpg,Demigods & Magicians: Percy and Annabeth Meet the Kanes (Percy Jackson & Kane Chronicles Crossover #1-3),Â£37.51
../../media/cache/10/66/106624e3f3bf865390255be16dfb71d8.jpg,City of Glass (The Mortal Instruments #3),Â£56.02
../../media/cache/9e/b4/9eb4396139c421fc9f832011c68adb2c.jpg,Searching for Meaning in Gailana,Â£38.73
../../media/cache/dc/57/dc57f908a0a2e130a5c065893a9005dd.jpg,The Star-Touched Queen,Â£32.30
../../media/cache/9d/9b/9d9bf1a3155fb3736d2fe12799dcca95.jpg,A Shard of Ice (The Black Symphony Saga #1),Â£56.63
../../media/cache/fc/17/fc17b4149d87d9ee714dde082ede0ee9.jpg,King's Folly (The Kinsman Chronicles #1),Â£39.61
../../media/cache/9b/09/9b0935dc936c92900c2dc5d2114da72f.jpg,Unicorn Tracks,Â£18.78
../../media/cache/4a/99/4a996ae54711cea37e370428b54f8b19.jpg,"Saga, Volume 6 (Saga (Collected Editions) #6)",Â£25.02
../../media/cache/db/01/db01b38d3200a5faff4ead42791416e4.jpg,Princess Between Worlds (Wide-Awake Princess #5),Â£13.34
../../media/cache/05/c4/05c43fe821ae19169c7baa8a54c7e869.jpg,Masks and Shadows,Â£56.40
../../media/cache/b7/7d/b77d5e56daa3c22822abf1b8affbaef9.jpg,Crown of Midnight (Throne of Glass #2),Â£43.29
../../media/cache/9f/25/9f25ffe4229a32d1368b3dfe248c3343.jpg,"Avatar: The Last Airbender: Smoke and Shadow, Part 3 (Smoke and Shadow #3)",Â£28.09
../../media/cache/0a/78/0a78f89fc2dc78b700b494c3510e8920.jpg,A Court of Thorns and Roses (A Court of Thorns and Roses #1),Â£52.37
../../media/cache/4e/8d/4e8d87d1cb5e876ddb50599a1d1b656e.jpg,Throne of Glass (Throne of Glass #1),Â£35.07
../../media/cache/2f/21/2f21c9ffd0962092ce337ecd1b338f5b.jpg,The Glittering Court (The Glittering Court #1),Â£44.28
../../media/cache/4c/fd/4cfd83a011f60d38b140642a441ce01a.jpg,Hollow City (Miss Peregrineâs Peculiar Children #2),Â£42.98
../../media/cache/ac/1a/ac1a0546d9cdf6cd82ab7712a6c418df.jpg,The Star-Touched Queen,Â£46.02
../../media/cache/7c/55/7c550a26f03e12343d0c6b4474b3eb1e.jpg,The Hidden Oracle (The Trials of Apollo #1),Â£52.26
../../media/cache/e9/fe/e9fed5b725a6badd26ef93175fdc248b.jpg,The Bane Chronicles (The Bane Chronicles #1-11),Â£44.73
../../media/cache/0f/65/0f6563cce3cc893cde20b088f6fd4107.jpg,Island of Dragons (Unwanteds #7),Â£29.65
../../media/cache/b7/d5/b7d558f31dc9803aeb6c76009fdea5bc.jpg,Demigods & Magicians: Percy and Annabeth Meet the Kanes (Percy Jackson & Kane Chronicles Crossover #1-3),Â£37.51
../../media/cache/10/66/106624e3f3bf865390255be16dfb71d8.jpg,City of Glass (The Mortal Instruments #3),Â£56.02
../../media/cache/9e/b4/9eb4396139c421fc9f832011c68adb2c.jpg,Searching for Meaning in Gailana,Â£38.73
../../media/cache/dc/57/dc57f908a0a2e130a5c065893a9005dd.jpg,The Star-Touched Queen,Â£32.30
../../media/cache/9d/9b/9d9bf1a3155fb3736d2fe12799dcca95.jpg,A Shard of Ice (The Black Symphony Saga #1),Â£56.63
../../media/cache/fc/17/fc17b4149d87d9ee714dde082ede0ee9.jpg,King's Folly (The Kinsman Chronicles #1),Â£39.61
../../media/cache/9b/09/9b0935dc936c92900c2dc5d2114da72f.jpg,Unicorn Tracks,Â£18.78
../../media/cache/4a/99/4a996ae54711cea37e370428b54f8b19.jpg,"Saga, Volume 6 (Saga (Collected Editions) #6)",Â£25.02
../../media/cache/db/01/db01b38d3200a5faff4ead42791416e4.jpg,Princess Between Worlds (Wide-Awake Princess #5),Â£13.34
../../media/cache/05/c4/05c43fe821ae19169c7baa8a54c7e869.jpg,Masks and Shadows,Â£56.40
../../media/cache/b7/7d/b77d5e56daa3c22822abf1b8affbaef9.jpg,Crown of Midnight (Throne of Glass #2),Â£43.29
../../media/cache/9f/25/9f25ffe4229a32d1368b3dfe248c3343.jpg,"Avatar: The Last Airbender: Smoke and Shadow, Part 3 (Smoke and Shadow #3)",Â£28.09
../../media/cache/0a/78/0a78f89fc2dc78b700b494c3510e8920.jpg,A Court of Thorns and Roses (A Court of Thorns and Roses #1),Â£52.37
../../media/cache/4e/8d/4e8d87d1cb5e876ddb50599a1d1b656e.jpg,Throne of Glass (Throne of Glass #1),Â£35.07
../../media/cache/2f/21/2f21c9ffd0962092ce337ecd1b338f5b.jpg,The Glittering Court (The Glittering Court #1),Â£44.28
../../media/cache/4c/fd/4cfd83a011f60d38b140642a441ce01a.jpg,Hollow City (Miss Peregrineâs Peculiar Children #2),Â£42.98
../../media/cache/ac/1a/ac1a0546d9cdf6cd82ab7712a6c418df.jpg,The Star-Touched Queen,Â£46.02
../../media/cache/7c/55/7c550a26f03e12343d0c6b4474b3eb1e.jpg,The Hidden Oracle (The Trials of Apollo #1),Â£52.26
../../media/cache/e9/fe/e9fed5b725a6badd26ef93175fdc248b.jpg,The Bane Chronicles (The Bane Chronicles #1-11),Â£44.73
../../media/cache/0f/65/0f6563cce3cc893cde20b088f6fd4107.jpg,Island of Dragons (Unwanteds #7),Â£29.65
../../media/cache/b7/d5/b7d558f31dc9803aeb6c76009fdea5bc.jpg,Demigods & Magicians: Percy and Annabeth Meet the Kanes (Percy Jackson & Kane Chronicles Crossover #1-3),Â£37.51
../../media/cache/10/66/106624e3f3bf865390255be16dfb71d8.jpg,City of Glass (The Mortal Instruments #3),Â£56.02
../../media/cache/9e/b4/9eb4396139c421fc9f832011c68adb2c.jpg,Searching for Meaning in Gailana,Â£38.73
../../media/cache/dc/57/dc57f908a0a2e130a5c065893a9005dd.jpg,The Star-Touched Queen,Â£32.30
../../media/cache/9d/9b/9d9bf1a3155fb3736d2fe12799dcca95.jpg,A Shard of Ice (The Black Symphony Saga #1),Â£56.63
../../media/cache/fc/17/fc17b4149d87d9ee714dde082ede0ee9.jpg,King's Folly (The Kinsman Chronicles #1),Â£39.61
